"관리번호","자치구","와이파이명","도로명주소","상세주소","설치위치(층)","설치유형","설치기관","서비스구분","망종류","설치년도","실내외구분","wifi접속환경","X좌표","Y좌표","작업일자"
"ARI00191","광진구","서울물연구원","광진구 천호대로 716-10","본관 1F","1","7-1. 커뮤니티 - 행정","서울시(AP)","공공WiFi","수도사업소자가망","2014","실내","","127.091896","37.547","2021-10-03 10:57:43.0"
"ARI00192","광진구","서울물연구원","광진구 천호대로 716-10","본관 2F","2","7-1. 커뮤니티 - 행정","서울시(AP)","공공WiFi","수도사업소자가망","2014","실내","","127.091896","37.547","2021-10-03 10:57:43.0"
"ARI00193","광진구","서울물연구원","광진구 천호대로 716-10","본관 2F","2","7-1. 커뮤니티 - 행정","서울시(AP)","공공WiFi","수도사업소자가망","2014","실내","","127.091896","37.547","2021-10-03 10:57:43.0"
"ARI00194","광진구","서울물연구원","광진구 천호대로 716-10","본관 2F","2","7-1. 커뮤니티 - 행정","서울시(AP)","공공WiFi","수도사업소자가망","2014","실내","","127.091896","37.547","2021-10-03 10:57:43.0"
"ARI00195","광진구","서울물연구원","광진구 천호대로 716-10","본관 2F","2","7-1. 커뮤니티 - 행정","서울시(AP)","공공WiFi","수도사업소자가망","2014","실내","","127.091896","37.547","2021-10-03 10:57:43.0"
"ARI00196","광진구","서울물연구원","광진구 천호대로 716-10","본관 3F","3","7-1. 커뮤니티 - 행정","서울시(AP)","공공WiFi","수도사업소자가망","2014","실내","","127.091896","37.547","2021-10-03 10:57:43.0"
"ARI00197","광진구","서울물연구원","광진구 천호대로 716-10","본관 3F","3","7-1. 커뮤니티 - 행정","서울시(AP)","공공WiFi","수도사업소자가망","2014","실내","","127.091896","37.547","2021-10-03 10:57:43.0"
"ARI00198","광진구","서울물연구원","광진구 천호대로 716-10","본관 3F","3","7-1. 커뮤니티 - 행정","서울시(AP)","공공WiFi","수도사업소자가망","2014","실내","","127.091896","37.547","2021-10-03 10:57:43.0"
"ARI00199","광진구","서울물연구원","광진구 천호대로 716-10","본관 4F","4","7-1. 커뮤니티 - 행정","서울시(AP)","공공WiFi","수도사업소자가망","2014","실내","","127.091896","37.547","2021-10-03 10:57:43.0"
"ARI00200","광진구","서울물연구원","광진구 천호대로 716-10","별관 1F","1","7-1. 커뮤니티 - 행정","서울시(AP)","공공WiFi","수도사업소자가망","2014","실내","","127.091896","37.547","2021-10-03 10:57:43.0"
"ARI00201","광진구","서울물연구원","광진구 천호대로 716-10","별관 2F","2","7-1. 커뮤니티 - 행정","서울시(AP)","공공WiFi","수도사업소자가망","2014","실내","","127.091896","37.547","2021-10-03 10:57:43.0"
"ARI00202","광진구","서울물연구원","광진구 천호대로 716-10","별관 2F","2","7-1. 커뮤니티 - 행정","서울시(AP)","공공WiFi","수도사업소자가망","2014","실내","","127.091896","37.547","2021-10-03 10:57:43.0"
"ARI00203","광진구","서울물연구원","광진구 천호대로 716-10","별관 3F","3","7-1. 커뮤니티 - 행정","서울시(AP)","공공WiFi","수도사업소자가망","2014","실내","","127.091896","37.547","2021-10-03 10:57:43.0"
"ARI00204","광진구","서울물연구원","광진구 천호대로 716-10","별관 3F","3","7-1. 커뮤니티 - 행정","서울시(AP)","공공WiFi","수도사업소자가망","2014","실내","","127.091896","37.547","2021-10-03 10:57:43.0"
"ARI00205","광진구","서울물연구원","광진구 천호대로 716-10","별관 3F","3","7-1. 커뮤니티 - 행정","서울시(AP)","공공WiFi","수도사업소자가망","2014","실내","","127.091896","37.547","2021-10-03 10:57:43.0"
"ARI00206","광진구","서울물연구원","광진구 천호대로 716-10","별관 3F","3","7-1. 커뮤니티 - 행정","서울시(AP)","공공WiFi","수도사업소자가망","2014","실내","","127.091896","37.547","2021-10-03 10:57:43.0"
"ARI00207","광진구","서울물연구원","광진구 천호대로 716-10","본관","1","7-1. 커뮤니티 - 행정","서울시(AP)","공공WiFi","수도사업소자가망","2019","실내","","127.091896","37.547","2021-10-03 10:57:43.0"
"ARI00208","광진구","서울물연구원","광진구 천호대로 716-10","본관","1","7-1. 커뮤니티 - 행정","서울시(AP)","공공WiFi","수도사업소자가망","2019","실내","","127.091896","37.547","2021-10-03 10:57:43.0"
"ARI00209","광진구","서울물연구원","광진구 천호대로 716-10","본관","1","7-1. 커뮤니티 - 행정","서울시(AP)","공공WiFi","수도사업소자가망","2019","실내","","127.091896","37.547","2021-10-03 10:57:43.0"
"ARI00210","광진구","서울물연구원","광진구 천호대로 716-10","본관","1","7-1. 커뮤니티 - 행정","서울시(AP)","공공WiFi","수도사업소자가망","2019","실내","","127.091896","37.547","2021-10-03 10:57:43.0"
"ARI00211","광진구","서울물연구원","광진구 천호대로 716-10","본관","1","7-1. 커뮤니티 - 행정","서울시(AP)","공공WiFi","수도사업소자가망","2019","실내","","127.091896","37.547","2021-10-03 10:57:43.0"
"ARI00212","광진구","서울물연구원","광진구 천호대로 716-10","본관","1","7-1. 커뮤니티 - 행정","서울시(AP)","공공WiFi","수도사업소자가망","2019","실내","","127.091896","37.547","2021-10-03 10:57:43.0"
"ARI00213","광진구","서울물연구원","광진구 천호대로 716-10","본관","1","7-1. 커뮤니티 - 행정","서울시(AP)","공공WiFi","수도사업소자가망","2019","실내","","127.091896","37.547","2021-10-03 10:57:43.0"
"ARI00214","광진구","서울물연구원","광진구 천호대로 716-10","본관","1","7-1. 커뮤니티 - 행정","서울시(AP)","공공WiFi","수도사업소자가망","2019","실내","","127.091896","37.547","2021-10-03 10:57:43.0"
"ARI00224","광진구","아리수나라","광진구 능동로 216","본관 1F 체험관","1","4. 문화관광체육시설","서울시(AP)","공공WiFi","임대망","2014","실내","","127.080925","37.5499","2021-10-03 10:57:43.0"
"ARI00225","광진구","아리수나라","광진구 능동로 216","본관 1F 체험관","1","4. 문화관광체육시설","서울시(AP)","공공WiFi","임대망","2014","실내","","127.080925","37.5499","2021-10-03 10:57:43.0"
"ARI00226","광진구","아리수나라","광진구 능동로 216","본관 B1F","B1","4. 문화관광체육시설","서울시(AP)","공공WiFi","임대망","2014","실내","","127.080925","37.5499","2021-10-03 10:57:43.0"
"ARI00234","광진구","아리수나라","광진구 능동로 216","본관 1F 체험관","1","4. 문화관광체육시설","서울시(AP)","공공WiFi","임대망","2014","실내","","127.080925","37.5499","2021-10-03 10:57:43.0"
"BS100269","광진구","건대입구역사거리.건대병원","화양동4-20","05-232","","5. 버스정류소","과기부(버스정류소)","과기부WiFi","임대망","2020","실외","","127.07131","37.54096","2021-10-03 10:57:43.0"
"BS100270","광진구","광나루역","천호대로","05-011","","5. 버스정류소","과기부(버스정류소)","과기부WiFi","임대망","2020","실외","","127.10328","37.54551","2021-10-03 10:57:43.0"
"BS100271","광진구","광나루역","천호대로","05-012","","5. 버스정류소","과기부(버스정류소)","과기부WiFi","임대망","2020","실외","","127.10327","37.545177","2021-10-03 10:57:43.0"
"BS100272","광진구","광나루역.극동아파트","광장동218-1","05-168","","5. 버스정류소","과기부(버스정류소)","과기부WiFi","임대망","2020","실외","","127.103065","37.543472","2021-10-03 10:57:43.0"
"BS100273","광진구","광나루역.극동아파트","광장동445-5","05-169","","5. 버스정류소","과기부(버스정류소)","과기부WiFi","임대망","2020","실외","","127.10309","37.54392","2021-10-03 10:57:43.0"
"BS100274","광진구","광장동현대아파트앞","광장동425-2","05-166","","5. 버스정류소","과기부(버스정류소)","과기부WiFi","임대망","2020","실외","","127.097466","37.541798","2021-10-03 10:57:43.0"
"BS100275","광진구","광진경찰서","구의동250-21","05-147","","5. 버스정류소","과기부(버스정류소)","과기부WiFi","임대망","2020","실외","","127.08436","37.54221","2021-10-03 10:57:43.0"
"BS100276","광진구","광진구청","자양동777","05-175","","5. 버스정류소","과기부(버스정류소)","과기부WiFi","임대망","2020","실외","","127.08315","37.538486","2021-10-03 10:57:43.0"
"BS100277","광진구","광진청소년수련관","광장동303-2","05-265","","5. 버스정류소","과기부(버스정류소)","과기부WiFi","임대망","2020","실외","","127.10538","37.54595","2021-10-03 10:57:43.0"
"BS100278","광진구","구의사거리.광진소방서앞","능동18-14","05-142","","5. 버스정류소","과기부(버스정류소)","과기부WiFi","임대망","2020","실외","","127.08398","37.54525","2021-10-03 10:57:43.0"
"BS100279","광진구","구의시장삼거리","구의동230-13","05-150","","5. 버스정류소","과기부(버스정류소)","과기부WiFi","임대망","2020","실외","","127.0891","37.544655","2021-10-03 10:57:43.0"
"BS100280","광진구","국립서울병원앞","중곡동31-7","05-115","","5. 버스정류소","과기부(버스정류소)","과기부WiFi","임대망","2020","실외","","127.08336","37.56389","2021-10-03 10:57:43.0"
"BS100281","광진구","군자교","중곡동614-1","05-101","","5. 버스정류소","과기부(버스정류소)","과기부WiFi","임대망","2020","실외","","127.0752","37.56153","2021-10-03 10:57:43.0"
"BS100282","광진구","군자교남단","군자동29-65","05-237","","5. 버스정류소","과기부(버스정류소)","과기부WiFi","임대망","2020","실외","","127.072784","37.55741","2021-10-03 10:57:43.0"
"BS100283","광진구","군자교입구","천호대로","05-001","","5. 버스정류소","과기부(버스정류소)","과기부WiFi","임대망","2020","실외","","127.075645","37.558743","2021-10-03 10:57:43.0"
"BS100284","광진구","군자교입구","천호대로","05-002","","5. 버스정류소","과기부(버스정류소)","과기부WiFi","임대망","2020","실외","","127.0749","37.558792","2021-10-03 10:57:43.0"
"BS100285","광진구","군자역4번출구.용마초등학교","천호대로","05-003","","5. 버스정류소","과기부(버스정류소)","과기부WiFi","임대망","2020","실외","","127.08247","37.5561","2021-10-03 10:57:43.0"
"BS100286","광진구","군자역5번출구.용마초등학교","천호대로","05-004","","5. 버스정류소","과기부(버스정류소)","과기부WiFi","임대망","2020","실외","","127.081566","37.556225","2021-10-03 10:57:43.0"
"BS100287","광진구","대원고교앞","중곡동18-73","05-136","","5. 버스정류소","과기부(버스정류소)","과기부WiFi","임대망","2020","실외","","127.08697","37.564198","2021-10-03 10:57:43.0"
"BS100288","광진구","뚝도변전소앞","자양동507-36","05-203","","5. 버스정류소","과기부(버스정류소)","과기부WiFi","임대망","2020","실외","","127.06902","37.536076","2021-10-03 10:57:43.0"
"BS100289","광진구","면곡시장","중곡동185-4","05-121","","5. 버스정류소","과기부(버스정류소)","과기부WiFi","임대망","2020","실외","","127.07958","37.57028","2021-10-03 10:57:43.0"
"BS100290","광진구","새밭교회","천호대로","05-009","","5. 버스정류소","과기부(버스정류소)","과기부WiFi","임대망","2020","실외","","127.0935","37.54892","2021-10-03 10:57:43.0"
"BS100291","광진구","새밭교회","천호대로","05-010","","5. 버스정류소","과기부(버스정류소)","과기부WiFi","임대망","2020","실외","","127.09261","37.548958","2021-10-03 10:57:43.0"
"BS100292","광진구","신양초등학교앞","자양동504","05-201","","5. 버스정류소","과기부(버스정류소)","과기부WiFi","임대망","2020","실외","","127.06929","37.534912","2021-10-03 10:57:43.0"
"BS100293","광진구","신양초등학교앞","자양동507-46","05-202","","5. 버스정류소","과기부(버스정류소)","과기부WiFi","임대망","2020","실외","","127.06895","37.535233","2021-10-03 10:57:43.0"
"BS100294","광진구","신자초등학교앞","자양동591","05-189","","5. 버스정류소","과기부(버스정류소)","과기부WiFi","임대망","2020","실외","","127.07501","37.53037","2021-10-03 10:57:43.0"
"BS100295","광진구","어린이대공원후문아차산역","천호대로","05-006","","5. 버스정류소","과기부(버스정류소)","과기부WiFi","임대망","2020","실외","","127.09015","37.55121","2021-10-03 10:57:43.0"
"BS100296","광진구","어린이대공원후문아차산역","천호대로","05-007","","5. 버스정류소","과기부(버스정류소)","과기부WiFi","임대망","2020","실외","","127.08925","37.55242","2021-10-03 10:57:43.0"
"BS100297","광진구","어린이회관","능동18-11","05-143","","5. 버스정류소","과기부(버스정류소)","과기부WiFi","임대망","2020","실외","","127.07723","37.54603","2021-10-03 10:57:43.0"
"BS100298","광진구","용곡삼거리","중곡동29-56","05-132","","5. 버스정류소","과기부(버스정류소)","과기부WiFi","임대망","2020","실외","","127.08559","37.567932","2021-10-03 10:57:43.0"
"BS100299","광진구","용암사입구","중곡동18-1","05-135","","5. 버스정류소","과기부(버스정류소)","과기부WiFi","임대망","2020","실외","","127.08637","37.567867","2021-10-03 10:57:43.0"
"BS100300","광진구","자양고교앞","자양동553-41","05-212","","5. 버스정류소","과기부(버스정류소)","과기부WiFi","임대망","2020","실외","","127.071175","37.53458","2021-10-03 10:57:43.0"
"BS100301","광진구","자양동잠실대교북단","자양동681-40","05-194","","5. 버스정류소","과기부(버스정류소)","과기부WiFi","임대망","2020","실외","","127.08585","37.53212","2021-10-03 10:57:43.0"
"BS100302","광진구","자양사거리","자양동779-4","05-176","","5. 버스정류소","과기부(버스정류소)","과기부WiFi","임대망","2020","실외","","127.0826","37.53689","2021-10-03 10:57:43.0"
"BS100303","광진구","자양아파트앞","자양동658-14","05-187","","5. 버스정류소","과기부(버스정류소)","과기부WiFi","임대망","2020","실외","","127.08461","37.532192","2021-10-03 10:57:43.0"
"BS100304","광진구","자양우성아파트앞","자양동520-2","05-210","","5. 버스정류소","과기부(버스정류소)","과기부WiFi","임대망","2020","실외","","127.07352","37.533688","2021-10-03 10:57:43.0"
"BS100305","광진구","제일은행사거리","자양동520","05-261","","5. 버스정류소","과기부(버스정류소)","과기부WiFi","임대망","2020","실외","","127.07475","37.53355","2021-10-03 10:57:43.0"
"BS100306","광진구","중곡동입구삼거리","천호대로","05-005","","5. 버스정류소","과기부(버스정류소)","과기부WiFi","임대망","2020","실외","","127.08655","37.554497","2021-10-03 10:57:43.0"
"BS100307","광진구","중곡동입구삼거리","천호대로","05-008","","5. 버스정류소","과기부(버스정류소)","과기부WiFi","임대망","2020","실외","","127.08486","37.55483","2021-10-03 10:57:43.0"
"BS101325","광진구","중곡역","중곡동30-1 중곡역(05-133)","05-133","","5. 버스정류소","과기부(버스정류소)","과기부WiFi","임대망","2020","실외","","127.08455","37.566048","2021-10-03 10:57:44.0"
"BS101326","광진구","중곡동종점","중곡동150-66 중곡동종점(05-137)","05-137","","5. 버스정류소","과기부(버스정류소)","과기부WiFi","임대망","2020","실외","","127.08731","37.562695","2021-10-03 10:57:44.0"
"BS101327","광진구","구의역2번출구","구의동243-4 구의역2번출구(05-149)","05-149","","5. 버스정류소","과기부(버스정류소)","과기부WiFi","임대망","2020","실외","","127.087975","37.537704","2021-10-03 10:57:44.0"
"BS101574","광진구","화양리","군자동361-32","05-250","","5. 버스정류소","과기부(버스정류소)","과기부WiFi","임대망","2020","실외","","127.071365","37.548016","2021-10-03 10:57:44.0"
"GJ010001","광진구","중곡1동주민센터","광진구 긴고랑로 12길 49","민원대 앞","","7-1. 커뮤니티 - 행정","자치구","공공WiFi","자가망U무선망","2014","실내","","127.080055","37.560513","2021-10-03 10:57:45.0"
"GJ010002","광진구","중곡1동주민센터","광진구 긴고랑로 12길 49","대강당","","7-1. 커뮤니티 - 행정","자치구","공공WiFi","자가망U무선망","2017","실내","","127.080055","37.560513","2021-10-03 10:57:45.0"
"GJ010003","광진구","중곡1동 제1경로당","긴고랑로5길 10","경로당 2층 내부 천장","2F","6-2. 복지 - 노인","자치구","공공WiFi","임대망","2021","실내","","37.56455","127.07917","2021-10-03 10:57:45.0"
"GJ010004","광진구","중곡1동 제2경로당","긴고랑로8길 51","경로당 내부 천장","1F","6-2. 복지 - 노인","자치구","공공WiFi","임대망","2021","실내","","37.561172","127.07797","2021-10-03 10:57:45.0"
"GJ020001","광진구","중곡2동주민센터","광진구 능동로 346","출입구","","7-1. 커뮤니티 - 행정","자치구","공공WiFi","자가망U무선망","2014","실내","","127.081474","37.560177","2021-10-03 10:57:45.0"
"GJ020002","광진구","중곡동보건지소","광진구 긴고랑로 110","사무실","","7-1. 커뮤니티 - 행정","자치구","공공WiFi","자가망U무선망","2014","실내","","127.08711","37.55936","2021-10-03 10:57:45.0"
"GJ020003","광진구","중곡2동주민센터도서관","능동로 347","우리동네키움센터 내부","2F","7-1. 커뮤니티 - 행정","자치구","공공WiFi","임대망","2021","실내","","37.560463","127.08104","2021-10-03 10:57:45.0"
"GJ020004","광진구","장수경로당","긴고랑로31길 44","경로당 내부 천장(무더위쉼터)","1F","6-2. 복지 - 노인","자치구","공공WiFi","임대망","2021","실내","","37.561768","127.0869","2021-10-03 10:57:45.0"
"GJ030001","광진구","중곡3동주민센터","광진구 동일로 76가길 28","민원대 뒤","","7-1. 커뮤니티 - 행정","자치구","공공WiFi","자가망U무선망","2014","실내","","127.08013","37.568752","2021-10-03 10:57:45.0"
"GJ030002","광진구","중곡3동주민센터","광진구 동일로 76가길 28","자원봉사캠프","","7-1. 커뮤니티 - 행정","자치구","공공WiFi","자가망U무선망","2017","실내","","127.08013","37.568752","2021-10-03 10:57:45.0"
"GJ030003","광진구","중곡문화체육센터","능동로 433","체육관 우측 입구","4F","4. 문화관광체육시설","자치구","공공WiFi","자가망U무선망","2021","실내","","37.56778","127.0848","2021-10-03 10:57:45.0"
"GJ030004","광진구","중곡문화체육센터","능동로 433","다목적실 ~ 문화교실2 사이 기둥","3F","4. 문화관광체육시설","자치구","공공WiFi","자가망U무선망","2021","실내","","37.56778","127.0848","2021-10-03 10:57:45.0"
"GJ030005","광진구","중곡문화체육센터","능동로 433","헬스장 코너 입구(라커룸)","1F","4. 문화관광체육시설","자치구","공공WiFi","자가망U무선망","2021","실내","","37.56778","127.0848","2021-10-03 10:57:45.0"
"GJ030006","광진구","중곡문화체육센터도서관","능동로 433","비상구 앞","3F","7-1. 커뮤니티 - 행정","자치구","공공WiFi","자가망U무선망","2021","실내","","37.56778","127.0848","2021-10-03 10:57:45.0"
"GJ030007","광진구","중곡문화체육센터도서관","능동로 433","우측 책상라인 중간","2F","7-1. 커뮤니티 - 행정","자치구","공공WiFi","자가망U무선망","2021","실내","","37.56778","127.0848","2021-10-03 10:57:45.0"
"GJ030008","광진구","용마경로당","용마산로31길 38-8","경로당 내부 천장","1F","6-2. 복지 - 노인","자치구","공공WiFi","임대망","2021","실내","","37.56924","127.08406","2021-10-03 10:57:45.0"
"GJ030009","광진구","중곡3동 경로당","동일로80길 20","경로당 내부 천장","2F","6-2. 복지 - 노인","자치구","공공WiFi","임대망","2021","실내","","37.57009","127.080925","2021-10-03 10:57:45.0"
"GJ040001","광진구","중곡4동주민센터","광진구 긴고랑로 131","출입구 옆","","7-1. 커뮤니티 - 행정","자치구","공공WiFi","자가망U무선망","2014","실내","","127.08941","37.55905","2021-10-03 10:57:45.0"
"GJ040002","광진구","중곡4동주민센터","광진구 긴고랑로 131","교양강좌실","","7-1. 커뮤니티 - 행정","자치구","공공WiFi","자가망U무선망","2017","실내","","127.08941","37.55905","2021-10-03 10:57:45.0"
"GJ040003","광진구","대원경로당","긴고랑로36길 57-27","경로당 내부 천장 모서리","1F","6-2. 복지 - 노인","자치구","공공WiFi","임대망","2021","실내","","37.55763","127.09167","2021-10-03 10:57:45.0"
"GJ050001","광진구","능동주민센터","광진구 천호대로 112길 55","작은도서관","","7-1. 커뮤니티 - 행정","자치구","공공WiFi","자가망U무선망","2017","실내","","127.08052","37.553722","2021-10-03 10:57:45.0"
"GJ050002","광진구","능동주민센터","광진구 천호대로 112길 55","민원대 뒤 사무실","","7-1. 커뮤니티 - 행정","자치구","공공WiFi","자가망U무선망","2014","실내","","127.08052","37.553722","2021-10-03 10:57:45.0"
"GJ050003","광진구","능동경로당","천호대로112길 70","경로당 내부 창문 위 천장","2F","6-2. 복지 - 노인","자치구","공공WiFi","임대망","2021","실내","","37.553192","127.08016","2021-10-03 10:57:45.0"
"GJ060001","광진구","구의1동주민센터","광진구 광나루로 36길 56","민원대 뒤","","7-1. 커뮤니티 - 행정","자치구","공공WiFi","자가망U무선망","2019","실내","","127.08556","37.54276","2021-10-03 10:57:45.0"
"GJ060002","광진구","구의1동주민센터","광진구 광나루로 36길 56","장난감도서관","","7-1. 커뮤니티 - 행정","자치구","공공WiFi","자가망U무선망","2019","실내","","127.08556","37.54276","2021-10-03 10:57:45.0"
"GJ060003","광진구","구의1동주민센터","광진구 광나루로 36길 56","강의실","","7-1. 커뮤니티 - 행정","자치구","공공WiFi","자가망U무선망","2019","실내","","127.08556","37.54276","2021-10-03 10:57:45.0"
"GJ060004","광진구","구의1동주민센터","광진구 광나루로 36길 56","대강당","","7-1. 커뮤니티 - 행정","자치구","공공WiFi","자가망U무선망","2019","실내","","127.08556","37.54276","2021-10-03 10:57:45.0"
"GJ060005","광진구","웰츠타워","광진구 자양로 116","자치행정과","","7-1. 커뮤니티 - 행정","자치구","공공WiFi","자가망U무선망","2017","실내","","127.08385","37.538357","2021-10-03 10:57:45.0"
"GJ060006","광진구","웰츠타워","광진구 자양로 116","환경과","","7-1. 커뮤니티 - 행정","자치구","공공WiFi","자가망U무선망","2017","실내","","127.08385","37.538357","2021-10-03 10:57:45.0"
"GJ060007","광진구","웰츠타워","광진구 자양로 116","지역경제과","","7-1. 커뮤니티 - 행정","자치구","공공WiFi","자가망U무선망","2017","실내","","127.08385","37.538357","2021-10-03 10:57:45.0"
"GJ060008","광진구","구의경로당","광나루로40길 6","경로당 내부 천장","1F","6-2. 복지 - 노인","자치구","공공WiFi","임대망","2021","실내","","37.54515","127.07817","2021-10-03 10:57:45.0"
"GJ060009","광진구","명성경로당","자양로26길 20-5","경로당 내부 출입문 옆 천장","1F","6-2. 복지 - 노인","자치구","공공WiFi","임대망","2021","실내","","37.541397","127.08518","2021-10-03 10:57:45.0"
"GJ060010","광진구","구의1동 제2경로당","광나루로30가길 27","경로당 내부 천장","1F","6-2. 복지 - 노인","자치구","공공WiFi","임대망","2021","실내","","37.544548","127.08945","2021-10-03 10:57:45.0"
"GJ070001","광진구","구의2동주민센터","광진구 천호대로 136길 55","상담실 앞","","7-1. 커뮤니티 - 행정","자치구","공공WiFi","자가망U무선망","2014","실내","","127.089905","37.547207","2021-10-03 10:57:45.0"
"GJ070002","광진구","구의2동주민센터","광진구 천호대로 136길 55","작은도서관","","7-1. 커뮤니티 - 행정","자치구","공공WiFi","자가망U무선망","2017","실내","","127.089905","37.547207","2021-10-03 10:57:45.0"
"GJ070003","광진구","아차산정보화교육장","광진구 자양로 47길 9-4","교육장 입구 왼쪽","","7-3. 커뮤니티 - 지역","자치구","공공WiFi","자가망U무선망","2017","실내","","127.09164","37.55228","2021-10-03 10:57:45.0"
"GJ070004","광진구","아차산경로당","자양로47길 9-4","경로당 내부 천장","1F","6-2. 복지 - 노인","자치구","공공WiFi","임대망","2021","실내","","37.55217","127.091644","2021-10-03 10:57:45.0"
"GJ070005","광진구","소능경로당","자양로37길 85","경로당 내부 천장","1F","6-2. 복지 - 노인","자치구","공공WiFi","임대망","2021","실내","","37.54765","127.085945","2021-10-03 10:57:45.0"
"GJ070006","광진구","구의2동 경로당","자양로38길 17-5","경로당 내부 천장","1F","6-2. 복지 - 노인","자치구","공공WiFi","임대망","2021","실내","","37.547234","127.089066","2021-10-03 10:57:45.0"
"GJ080001","광진구","구의3동주민센터","광진구 강변역로 17","민원대 왼쪽","","7-1. 커뮤니티 - 행정","자치구","공공WiFi","자가망U무선망","2017","실내","","127.09188","37.538067","2021-10-03 10:57:45.0"
"GJ080002","광진구","구의3동주민센터","광진구 강변역로 17","교육장 입구 왼쪽","","7-1. 커뮤니티 - 행정","자치구","공공WiFi","자가망U무선망","2017","실내","","127.09188","37.538067","2021-10-03 10:57:45.0"
"GJ080003","광진구","민방위교육장","광진구 광나루로56길 8","사무실 안쪽","","7-3. 커뮤니티 - 지역","자치구","공공WiFi","자가망U무선망","2017","실내","","127.097466","37.539936","2021-10-03 10:57:45.0"
"GJ080004","광진구","구의3동주민센터도서관","강변역로 17","사무실 입구 벽","3F","7-1. 커뮤니티 - 행정","자치구","공공WiFi","임대망","2021","실내","","37.53877","127.09139","2021-10-03 10:57:45.0"
"GJ080005","광진구","구의3동주민센터도서관","강변역로 17","유아열람실 입구 벽","3F","7-1. 커뮤니티 - 행정","자치구","공공WiFi","임대망","2021","실내","","37.53877","127.09139","2021-10-03 10:57:45.0"
"GJ080006","광진구","우리동네키움센터","구의강변로 79","사무공간 천장","2F","6-4. 복지 - 아동청소년","자치구","공공WiFi","임대망","2021","실내","","37.53","127.0935","2021-10-03 10:57:45.0"
"GJ080007","광진구","산의마을 경로당","아차산로63길 21","경로당 내부 천장","1F","6-2. 복지 - 노인","자치구","공공WiFi","임대망","2021","실내","","37.540154","127.09229","2021-10-03 10:57:45.0"
"GJ080008","광진구","구의새마을 경로당","구의강변로3길 39","경로당 내부 처장","2F","6-2. 복지 - 노인","자치구","공공WiFi","임대망","2021","실내","","37.536297","127.09014","2021-10-03 10:57:45.0"
"GJ090001","광진구","광장동주민센터","광진구 광장로 52","민원발급기 옆","","7-1. 커뮤니티 - 행정","자치구","공공WiFi","자가망U무선망","2014","실내","","127.10301","37.546844","2021-10-03 10:57:45.0"
"GJ090002","광진구","광장동주민센터","광진구 광장로 52","작은도서관","","7-1. 커뮤니티 - 행정","자치구","공공WiFi","자가망U무선망","2017","실내","","127.10301","37.546844","2021-10-03 10:57:45.0"
"GJ090003","광진구","청소과","광진구 천호대로 788","사무실","","7-1. 커뮤니티 - 행정","자치구","공공WiFi","자가망U무선망","2014","실내","","127.1007","37.545513","2021-10-03 10:57:45.0"
"GJ090004","광진구","청소과","광진구 천호대로 788","환경교육센터","","7-1. 커뮤니티 - 행정","자치구","공공WiFi","자가망U무선망","2017","실내","","127.1007","37.545513","2021-10-03 10:57:45.0"
"GJ090005","광진구","광장동실내배드민턴장","천호대로 140길 40","2층 출입문 옆 벽","2F","4. 문화관광체육시설","자치구","공공WiFi","자가망U무선망","2021","실내","","37.54461","127.10011","2021-10-03 10:57:45.0"
"GJ090006","광진구","광진구민체육센터","구천면로 14","대체육관 입구","4F","4. 문화관광체육시설","자치구","공공WiFi","자가망U무선망","2021","실내","","37.545998","127.10682","2021-10-03 10:57:45.0"
"GJ090007","광진구","광진구민체육센터","구천면로 14","소체육관 앞 메인 홀","2F","4. 문화관광체육시설","자치구","공공WiFi","자가망U무선망","2021","실내","","37.545998","127.10682","2021-10-03 10:57:45.0"
"GJ090008","광진구","광진구민체육센터","구천면로 14","헬스장 우측 코너 벽면","2F","4. 문화관광체육시설","자치구","공공WiFi","자가망U무선망","2021","실내","","37.545998","127.10682","2021-10-03 10:57:45.0"
"GJ090009","광진구","광진구민체육센터","구천면로 14","문화교실-3 입구","1F","4. 문화관광체육시설","자치구","공공WiFi","자가망U무선망","2021","실내","","37.545998","127.10682","2021-10-03 10:57:45.0"
"GJ090010","광진구","광진구민체육센터","구천면로 14","에어로빅장 앞","1F","4. 문화관광체육시설","자치구","공공WiFi","자가망U무선망","2021","실내","","37.545998","127.10682","2021-10-03 10:57:45.0"
"GJ090011","광진구","광진구민체육센터","구천면로 14","수영장 관람지역 전동구 옆","B1","4. 문화관광체육시설","자치구","공공WiFi","자가망U무선망","2021","실내","","37.545998","127.10682","2021-10-03 10:57:45.0"
"GJ090012","광진구","광진구민체육센터","구천면로 14","MDF실 앞","1F","4. 문화관광체육시설","자치구","공공WiFi","자가망U무선망","2021","실내","","37.545998","127.10682","2021-10-03 10:57:45.0"
"GJ090013","광진구","보훈회관","아차산로 630","","","6-2. 복지 - 노인","자치구","공공WiFi","임대망","2021","실내","","37.548832","172.108","2021-10-03 10:57:45.0"
"GJ090014","광진구","광장제1경로당","아차산로73길 15","공원 방향 안쪽 창문 위","1F","6-2. 복지 - 노인","자치구","공공WiFi","자가망U무선망","2021","실내","","37.545986","127.10407","2021-10-03 10:57:45.0"
"GJ090015","광진구","광장제2경로당","아차산로78길 67","","","6-2. 복지 - 노인","자치구","공공WiFi","임대망","2021","실내","","37.551533","127.1108","2021-10-03 10:57:45.0"
"GJ090016","광진구","광장종합사회복지관","아차산로66길 8","","","6-4. 복지 - 아동청소년","자치구","공공WiFi","임대망","2021","실내","","37.541035","127.09707","2021-10-03 10:57:45.0"
"GJ100001","광진구","행정지원동","광진구 자양로 117","기획예산과","","7-1. 커뮤니티 - 행정","자치구","공공WiFi","자가망U무선망","2014","실내","","127.082375","37.538532","2021-10-03 10:57:45.0"
"GJ100002","광진구","행정지원동","광진구 자양로 117","뉴미디어팀","","7-1. 커뮤니티 - 행정","자치구","공공WiFi","자가망U무선망","2014","실내","","127.082375","37.538532","2021-10-03 10:57:45.0"
"GJ100003","광진구","행정지원동","광진구 자양로 117","도시안전과","","7-1. 커뮤니티 - 행정","자치구","공공WiFi","자가망U무선망","2014","실내","","127.082375","37.538532","2021-10-03 10:57:45.0"
"GJ100004","광진구","행정지원동","광진구 자양로 117","총무과","","7-1. 커뮤니티 - 행정","자치구","공공WiFi","자가망U무선망","2014","실내","","127.082375","37.538532","2021-10-03 10:57:45.0"
"GJ100005","광진구","행정지원동","광진구 자양로 117","기획상황실","","7-1. 커뮤니티 - 행정","자치구","공공WiFi","자가망U무선망","2014","실내","","127.082375","37.538532","2021-10-03 10:57:45.0"
"GJ100006","광진구","행정지원동","광진구 자양로 117","언론팀","","7-1. 커뮤니티 - 행정","자치구","공공WiFi","자가망U무선망","2014","실내","","127.082375","37.538532","2021-10-03 10:57:45.0"
"GJ100007","광진구","행정지원동","광진구 자양로 117","지하상황실","","7-1. 커뮤니티 - 행정","자치구","공공WiFi","자가망U무선망","2014","실내","","127.082375","37.538532","2021-10-03 10:57:45.0"
"GJ100008","광진구","안전관리동","광진구 자양로 117","치수과","","7-1. 커뮤니티 - 행정","자치구","공공WiFi","자가망U무선망","2014","실내","","127.082375","37.538532","2021-10-03 10:57:45.0"
"GJ100009","광진구","안전관리동","광진구 자양로 117","도로과","","7-1. 커뮤니티 - 행정","자치구","공공WiFi","자가망U무선망","2014","실내","","127.082375","37.538532","2021-10-03 10:57:45.0"
"GJ100010","광진구","안전관리동","광진구 자양로 117","일자리정책과","","7-1. 커뮤니티 - 행정","자치구","공공WiFi","자가망U무선망","2014","실내","","127.082375","37.538532","2021-10-03 10:57:45.0"
"GJ100011","광진구","안전관리동","광진구 자양로 117","재무과","","7-1. 커뮤니티 - 행정","자치구","공공WiFi","자가망U무선망","2014","실내","","127.082375","37.538532","2021-10-03 10:57:45.0"
"GJ100012","광진구","안전관리동","광진구 자양로 117","건축과","","7-1. 커뮤니티 - 행정","자치구","공공WiFi","자가망U무선망","2014","실내","","127.082375","37.538532","2021-10-03 10:57:45.0"
"GJ100013","광진구","안전관리동","광진구 자양로 117","정책기획단","","7-1. 커뮤니티 - 행정","자치구","공공WiFi","자가망U무선망","2017","실내","","127.082375","37.538532","2021-10-03 10:57:45.0"
"GJ100014","광진구","안전관리동","광진구 자양로 117","대강당","","7-1. 커뮤니티 - 행정","자치구","공공WiFi","자가망U무선망","2017","실내","","127.082375","37.538532","2021-10-03 10:57:45.0"
"GJ100015","광진구","보건소","광진구 자양로 117","민원실","","7-1. 커뮤니티 - 행정","자치구","공공WiFi","자가망U무선망","2014","실내","","127.082375","37.538532","2021-10-03 10:57:45.0"
"GJ100016","광진구","보건소","광진구 자양로 117","결핵실 앞 복도","","7-1. 커뮤니티 - 행정","자치구","공공WiFi","자가망U무선망","2017","실내","","127.082375","37.538532","2021-10-03 10:57:45.0"
"GJ100017","광진구","보건소","광진구 자양로 117","구겅보건실 앞","","7-1. 커뮤니티 - 행정","자치구","공공WiFi","자가망U무선망","2017","실내","","127.082375","37.538532","2021-10-03 10:57:45.0"
"GJ100018","광진구","보건소","광진구 자양로 117","건강관리과","","7-1. 커뮤니티 - 행정","자치구","공공WiFi","자가망U무선망","2014","실내","","127.082375","37.538532","2021-10-03 10:57:45.0"
"GJ100019","광진구","보건소","광진구 자양로 117","보건의료과","","7-1. 커뮤니티 - 행정","자치구","공공WiFi","자가망U무선망","2014","실내","","127.082375","37.538532","2021-10-03 10:57:45.0"
"GJ100020","광진구","보건소","광진구 자양로 117","보건정책과","","7-1. 커뮤니티 - 행정","자치구","공공WiFi","자가망U무선망","2014","실내","","127.082375","37.538532","2021-10-03 10:57:45.0"
"GJ100021","광진구","민원복지동(좌)","광진구 자양로 117","민원여권과","","7-1. 커뮤니티 - 행정","자치구","공공WiFi","자가망U무선망","2014","실내","","127.082375","37.538532","2021-10-03 10:57:45.0"
"GJ100022","광진구","민원복지동(좌)","광진구 자양로 117","교통행정과","","7-1. 커뮤니티 - 행정","자치구","공공WiFi","자가망U무선망","2014","실내","","127.082375","37.538532","2021-10-03 10:57:45.0"
"GJ100023","광진구","민원복지동(좌)","광진구 자양로 117","스마트정보과","","7-1. 커뮤니티 - 행정","자치구","공공WiFi","자가망U무선망","2014","실내","","127.082375","37.538532","2021-10-03 10:57:45.0"
"GJ100024","광진구","민원복지동(좌)","광진구 자양로 117","어르신복지과","","7-1. 커뮤니티 - 행정","자치구","공공WiFi","자가망U무선망","2014","실내","","127.082375","37.538532","2021-10-03 10:57:45.0"
"GJ100025","광진구","민원복지동(좌)","광진구 자양로 117","교통건설국장실","","7-1. 커뮤니티 - 행정","자치구","공공WiFi","자가망U무선망","2014","실내","","127.082375","37.538532","2021-10-03 10:57:45.0"
"GJ100026","광진구","민원복지동(우)","광진구 자양로 117","부동산정보과","","7-1. 커뮤니티 - 행정","자치구","공공WiFi","자가망U무선망","2014","실내","","127.082375","37.538532","2021-10-03 10:57:45.0"
"GJ100027","광진구","민원복지동(우)","광진구 자양로 117","세무과","","7-1. 커뮤니티 - 행정","자치구","공공WiFi","자가망U무선망","2014","실내","","127.082375","37.538532","2021-10-03 10:57:45.0"
"GJ100028","광진구","민원복지동(우)","광진구 자양로 117","복지상담실","","7-1. 커뮤니티 - 행정","자치구","공공WiFi","자가망U무선망","2014","실내","","127.082375","37.538532","2021-10-03 10:57:45.0"
"GJ100029","광진구","민원복지동(우)","광진구 자양로 117","사회복지장애인과","","7-1. 커뮤니티 - 행정","자치구","공공WiFi","자가망U무선망","2014","실내","","127.082375","37.538532","2021-10-03 10:57:45.0"
"GJ100030","광진구","민원복지동(우)","광진구 자양로 117","감사담당관","","7-1. 커뮤니티 - 행정","자치구","공공WiFi","자가망U무선망","2014","실내","","127.082375","37.538532","2021-10-03 10:57:45.0"
"GJ100031","광진구","민원복지동(우)","광진구 자양로 117","주택과","","7-1. 커뮤니티 - 행정","자치구","공공WiFi","자가망U무선망","2014","실내","","127.082375","37.538532","2021-10-03 10:57:45.0"
"GJ100032","광진구","민원복지동(우)","광진구 자양로 117","공원녹지과","","7-1. 커뮤니티 - 행정","자치구","공공WiFi","자가망U무선망","2014","실내","","127.082375","37.538532","2021-10-03 10:57:45.0"
"GJ100033","광진구","민원복지동(우)","광진구 자양로 117","희망나눔팀","","7-1. 커뮤니티 - 행정","자치구","공공WiFi","자가망U무선망","2014","실내","","127.082375","37.538532","2021-10-03 10:57:45.0"
"GJ100034","광진구","민원복지동(우)","광진구 자양로 117","도시재생과","","7-1. 커뮤니티 - 행정","자치구","공공WiFi","자가망U무선망","2014","실내","","127.082375","37.538532","2021-10-03 10:57:45.0"
"GJ100035","광진구","종합상황실","광진구 자양로 117","종합상황실","","7-1. 커뮤니티 - 행정","자치구","공공WiFi","자가망U무선망","2014","실내","","127.082375","37.538532","2021-10-03 10:57:45.0"
"GJ100036","광진구","종합상황실","광진구 자양로 117","문화체육과","","7-1. 커뮤니티 - 행정","자치구","공공WiFi","자가망U무선망","2014","실내","","127.082375","37.538532","2021-10-03 10:57:45.0"
"GJ100037","광진구","광진구청(K&S빌딩)","광진구 자양로 131","가로경관과","","7-1. 커뮤니티 - 행정","자치구","공공WiFi","자가망U무선망","2014","실내","","127.082886","37.539436","2021-10-03 10:57:45.0"
"GJ100038","광진구","광진구청(K&S빌딩)","광진구 자양로 131","교육지원과","","7-1. 커뮤니티 - 행정","자치구","공공WiFi","자가망U무선망","2020","실내","","127.082886","37.539436","2021-10-03 10:57:45.0"
"GJ100039","광진구","광진구청(K&S빌딩)","광진구 자양로 131","아동청년과","","7-1. 커뮤니티 - 행정","자치구","공공WiFi","자가망U무선망","2021","실내","","127.082886","37.539436","2021-10-03 10:57:45.0"
"GJ100041","광진구","자양1동주민센터","광진구 자양로 13길 37","민원대 옆","","7-1. 커뮤니티 - 행정","자치구","공공WiFi","자가망U무선망","2014","실내","","127.082405","37.534485","2021-10-03 10:57:45.0"
"GJ100042","광진구","자양1동주민센터","광진구 자양로 13길 37","작은도서관","","7-1. 커뮤니티 - 행정","자치구","공공WiFi","자가망U무선망","2017","실내","","127.082405","37.534485","2021-10-03 10:57:45.0"
"GJ100043","광진구","구청앞버스정류장","광진구 자양로 117","버스정류장 앞","","5. 버스정류소","자치구","공공WiFi","자가망U무선망","2017","실외","","127.082375","37.538532","2021-10-03 10:57:45.0"
"GJ100044","광진구","구청앞버스정류장","광진구 자양로 117","버스정류장 앞","","5. 버스정류소","자치구","공공WiFi","자가망U무선망","2017","실외","","127.082375","37.538532","2021-10-03 10:57:45.0"
"GJ100045","광진구","자마장 경로당","자양로13길 37","경로당 내부 수납장 위 천장","1F","6-2. 복지 - 노인","자치구","공공WiFi","임대망","2021","실내","","37.534496","127.0824","2021-10-03 10:57:45.0"
"GJ100046","광진구","자양1동 경로당","아차산로40길 46","경로당 내부기둥 옆 천장","2F","6-2. 복지 - 노인","자치구","공공WiFi","임대망","2021","실내","","37.535652","127.07792","2021-10-03 10:57:45.0"
"GJ100047","광진구","자양전통시장고객쉼터도서관","뚝섬로47길 45-2","쉼터도서관 내부 천장","2F","7-1. 커뮤니티 - 행정","자치구","공공WiFi","임대망","2021","실내","","37.53426","127.079124","2021-10-03 10:57:45.0"
"GJ110001","광진구","자양2동주민센터","광진구 자양로 3가길 26","민원대 옆","","7-1. 커뮤니티 - 행정","자치구","공공WiFi","자가망U무선망","2014","실내","","127.08437","37.52879","2021-10-03 10:57:45.0"
"GJ110002","광진구","자양2동주민센터","광진구 자양로 3가길 26","작은도서관","","7-1. 커뮤니티 - 행정","자치구","공공WiFi","자가망U무선망","2017","실내","","127.08437","37.52879","2021-10-03 10:57:45.0"
"GJ110003","광진구","자양유수지체육시설","뚝섬로 52길 66","체육관 입구 진입 후 우측 벽 중간","2F","4. 문화관광체육시설","자치구","공공WiFi","자가망U무선망","2021","실내","","37.529217","127.07767","2021-10-03 10:57:45.0"
"GJ110004","광진구","자양유수지체육시설","뚝섬로 52길 66","체육관 입구 진입 후 좌측 벽 중간","2F","4. 문화관광체육시설","자치구","공공WiFi","자가망U무선망","2021","실내","","37.529217","127.07767","2021-10-03 10:57:45.0"
"GJ110005","광진구","자양유수지체육시설","뚝섬로 52길 66","체육관 입구","2F","4. 문화관광체육시설","자치구","공공WiFi","자가망U무선망","2021","실내","","37.529217","127.07767","2021-10-03 10:57:45.0"
"GJ110006","광진구","자양한강도서관","뚝섬로 52길 66","대출/반납 데스크 앞 천장","2F","7-1. 커뮤니티 - 행정","자치구","공공WiFi","자가망U무선망","2021","실내","","37.529217","127.07767","2021-10-03 10:57:45.0"
"GJ110007","광진구","자양한강도서관","뚝섬로 52길 66","대출/반납 데스크 앞 천장","3F","7-1. 커뮤니티 - 행정","자치구","공공WiFi","자가망U무선망","2021","실내","","37.529217","127.07767","2021-10-03 10:57:45.0"
"GJ110008","광진구","자양2치안센터","자양로3가길 28","","","6-4. 복지 - 아동청소년","자치구","공공WiFi","임대망","2021","실내","","37.528824","127.08473","2021-10-03 10:57:45.0"
"GJ110009","광진구","자양2동 제2경로당","뚝섬로62길 17","","","6-2. 복지 - 노인","자치구","공공WiFi","임대망","2021","실내","","37.53","127.08","2021-10-03 10:57:45.0"
"GJ110010","광진구","유수지 경로당","뚝섬로48길 46","","","6-2. 복지 - 노인","자치구","공공WiFi","임대망","2021","실내","","37.529987","127.07679","2021-10-03 10:57:45.0"
"GJ110011","광진구","유수지 경로당","뚝섬로48길 46","","","6-2. 복지 - 노인","자치구","공공WiFi","임대망","2021","실내","","37.529987","127.07679","2021-10-03 10:57:45.0"
"GJ120001","광진구","자양3동주민센터","광진구 뚝섬로 568","민원대 앞","","7-1. 커뮤니티 - 행정","자치구","공공WiFi","자가망U무선망","2014","실내","","127.07291","37.53379","2021-10-03 10:57:45.0"
"GJ120002","광진구","자양3동주민센터","광진구 뚝섬로 568","작은도서관","","7-1. 커뮤니티 - 행정","자치구","공공WiFi","자가망U무선망","2017","실내","","127.07291","37.53379","2021-10-03 10:57:45.0"
"GJ120003","광진구","구의회","광진구 능동로 76","사무실","","7-1. 커뮤니티 - 행정","자치구","공공WiFi","자가망U무선망","2014","실내","","127.070526","37.537354","2021-10-03 10:57:45.0"
"GJ120004","광진구","구의회","광진구 능동로 76","본회의장","","7-1. 커뮤니티 - 행정","자치구","공공WiFi","자가망U무선망","2014","실내","","127.070526","37.537354","2021-10-03 10:57:45.0"
"GJ120005","광진구","신양경로당","뚝섬로 543","","","6-2. 복지 - 노인","자치구","공공WiFi","임대망","2021","실내","","37.534855","127.07058","2021-10-03 10:57:45.0"
"GJ120006","광진구","자양3동 경로당","자양번영로3길 16","","","6-2. 복지 - 노인","자치구","공공WiFi","임대망","2021","실내","","37.531883","127.07427","2021-10-03 10:57:45.0"
"GJ120007","광진구","마실 경로당","자양번영로7길 16-9","","","6-2. 복지 - 노인","자치구","공공WiFi","임대망","2021","실내","","37.53625","127.07543","2021-10-03 10:57:45.0"
"GJ130001","광진구","자양4동주민센터","광진구 뚝섬로 26길 58","주민등록실 옆","","7-1. 커뮤니티 - 행정","자치구","공공WiFi","자가망U무선망","2014","실내","","127.06629","37.534096","2021-10-03 10:57:45.0"
"GJ130002","광진구","자양4동주민센터","광진구 뚝섬로 26길 58","문화교실","","7-1. 커뮤니티 - 행정","자치구","공공WiFi","자가망U무선망","2017","실내","","127.06629","37.534096","2021-10-03 10:57:45.0"
"GJ1300021","광진구","능동로골목시장","뚝섬로 30길15","","","2. 전통시장","자치구","공공WiFi","자가망U무선망","2019","실외","","127.0664","37.535416","2021-10-03 10:57:45.0"
"GJ1300022","광진구","능동로골목시장","뚝섬로 30길15","","","2. 전통시장","자치구","공공WiFi","자가망U무선망","2019","실외","","127.0664","37.535416","2021-10-03 10:57:45.0"
"GJ1300023","광진구","노룬산골목시장_1","자양4동 553-172","","","2. 전통시장","자치구","공공WiFi","자가망U무선망","2019","실외","","127.06478","37.53701","2021-10-03 10:57:45.0"
"GJ1300024","광진구","노룬산골목시장_2","자양4동 553-14","","","2. 전통시장","자치구","공공WiFi","자가망U무선망","2019","실외","","127.06478","37.53701","2021-10-03 10:57:45.0"
"GJ1300025","광진구","조양시장_1","자양동 11-10","","","2. 전통시장","자치구","공공WiFi","자가망U무선망","2019","실외","","127.06539","37.539307","2021-10-03 10:57:45.0"
"GJ1300026","광진구","조양시장_2","자양동 9-12","","","2. 전통시장","자치구","공공WiFi","자가망U무선망","2019","실외","","127.06679","37.538845","2021-10-03 10:57:45.0"
"GJ1300027","광진구","조양시장_3","자양동 6-19","","","2. 전통시장","자치구","공공WiFi","자가망U무선망","2019","실외","","127.06773","37.5385","2021-10-03 10:57:45.0"
"GJ130003","광진구","자양공공힐링센터","광진구 아차산로 24길 17","회의탁자 뒤","","6-1. 복지 - 사회","자치구","공공WiFi","자가망U무선망","2017","실내","","127.06506","37.54019","2021-10-03 10:57:45.0"
"GJ130004","광진구","자양공공힐링센터","광진구 아차산로 24길 17","대사증후군 관리센터","","6-1. 복지 - 사회","자치구","공공WiFi","자가망U무선망","2017","실내","","127.06506","37.54019","2021-10-03 10:57:45.0"
"GJ130005","광진구","자양공공힐링센터","광진구 아차산로 24길 17","복지센터","","6-1. 복지 - 사회","자치구","공공WiFi","자가망U무선망","2017","실내","","127.06506","37.54019","2021-10-03 10:57:45.0"
"GJ130006","광진구","자양공공힐링센터","광진구 아차산로 24길 17","출입구 앞 복도","","6-1. 복지 - 사회","자치구","공공WiFi","자가망U무선망","2017","실내","","127.06506","37.54019","2021-10-03 10:57:45.0"
"GJ130007","광진구","자양공공힐링센터","광진구 아차산로 24길 17","기억키움센터 사무실","","6-1. 복지 - 사회","자치구","공공WiFi","자가망U무선망","2017","실내","","127.06506","37.54019","2021-10-03 10:57:45.0"
"GJ130008","광진구","자양공공힐링센터","광진구 아차산로 24길 17","대강당","","6-1. 복지 - 사회","자치구","공공WiFi","자가망U무선망","2017","실내","","127.06506","37.54019","2021-10-03 10:57:45.0"
"GJ130009","광진구","자양공공힐링센터","광진구 아차산로 24길 17","다문화가족지원센터","","6-1. 복지 - 사회","자치구","공공WiFi","자가망U무선망","2017","실내","","127.06506","37.54019","2021-10-03 10:57:45.0"
"GJ130010","광진구","자양4동주민센터도서관","뚝섬로26길 58","","","7-1. 커뮤니티 - 행정","자치구","공공WiFi","임대망","2021","실내","","37.534378","127.06615","2021-10-03 10:57:45.0"
"GJ130011","광진구","자양4동주민센터도서관","뚝섬로26길 58","","","7-1. 커뮤니티 - 행정","자치구","공공WiFi","임대망","2021","실내","","37.534378","127.06615","2021-10-03 10:57:45.0"
"GJ130012","광진구","자양4동제2경로당","동일로2길 17","","","6-2. 복지 - 노인","자치구","공공WiFi","임대망","2021","실내","","37.53","127.06","2021-10-03 10:57:45.0"
"GJ130013","광진구","자양4동 제4경로당","뚝섬로30가길 18","","","6-2. 복지 - 노인","자치구","공공WiFi","임대망","2021","실내","","37.53522","127.06544","2021-10-03 10:57:45.0"
"GJ130014","광진구","노유산경로당","동일로10가길 15-2","","","6-2. 복지 - 노인","자치구","공공WiFi","임대망","2021","실내","","37.53","127.06","2021-10-03 10:57:45.0"
"GJ140001","광진구","화양동주민센터","광진구 능동로 17길 39","민원대 앞","","7-1. 커뮤니티 - 행정","자치구","공공WiFi","자가망U무선망","2014","실내","","127.0713","37.546513","2021-10-03 10:57:45.0"
"GJ140002","광진구","화양동주민센터","광진구 능동로 17길 39","주민센터 카페","","7-1. 커뮤니티 - 행정","자치구","공공WiFi","자가망U무선망","2014","실내","","127.0713","37.546513","2021-10-03 10:57:45.0"
"GJ1400021","광진구","화양제일시장_1","능동로13길30","","","2. 전통시장","자치구","공공WiFi","자가망U무선망","2019","실외","","127.070625","37.543427","2021-10-03 10:57:45.0"
"GJ1400022","광진구","화양제일시장_1","능동로13길30","","","2. 전통시장","자치구","공공WiFi","자가망U무선망","2019","실외","","127.070625","37.543427","2021-10-03 10:57:45.0"
"GJ1400023","광진구","화양제일시장_2","아차산로 29길 47","","","2. 전통시장","자치구","공공WiFi","자가망U무선망","2019","실외","","127.06894","37.54318","2021-10-03 10:57:45.0"
"GJ1400024","광진구","화양제일시장_2","아차산로 29길 47","","","2. 전통시장","자치구","공공WiFi","자가망U무선망","2019","실외","","127.06894","37.54318","2021-10-03 10:57:45.0"
"GJ140003","광진구","화양동정보화교육장","광진구 군자로 34","제1교육장","","7-3. 커뮤니티 - 지역","자치구","공공WiFi","자가망U무선망","2014","실내","","127.082375","37.538532","2021-10-03 10:57:45.0"
"GJ140004","광진구","화양동경로당","능동로17길 39","경로당 내부 천장","1F","6-2. 복지 - 노인","자치구","공공WiFi","임대망","2021","실내","","37.546535","127.07132","2021-10-03 10:57:45.0"
"GJ140005","광진구","모진동경로당","광나루로24길 53","경로당 내부 천장","1F","6-2. 복지 - 노인","자치구","공공WiFi","임대망","2021","실내","","37.54504","127.07805","2021-10-03 10:57:45.0"
"GJ150001","광진구","군자동주민센터","광진구 군자로 151","화장실 앞","","7-1. 커뮤니티 - 행정","자치구","공공WiFi","자가망U무선망","2014","실내","","127.075905","37.555122","2021-10-03 10:57:45.0"
"GJ150002","광진구","군자동주민센터","광진구 군자로 151","작은도서관","","7-1. 커뮤니티 - 행정","자치구","공공WiFi","자가망U무선망","2017","실내","","127.075905","37.555122","2021-10-03 10:57:45.0"
"GJ150003","광진구","군자경로당","동일로52길 27","경로당 내부 천장 모서리","1F","6-2. 복지 - 노인","자치구","공공WiFi","임대망","2021","실내","","37.554565","127.07285","2021-10-03 10:57:45.0"
"GJ150004","광진구","양마경로당","동일로42길 2","경로당 내부 천장","1F","6-2. 복지 - 노인","자치구","공공WiFi","임대망","2021","실내","","37.552906","127.07031","2021-10-03 10:57:45.0"
"GJ150005","광진구","양마제2 경로당","군자로13길 35","경로당 내부 천장","1F","6-2. 복지 - 노인","자치구","공공WiFi","임대망","2021","실내","","37.55179","127.07058","2021-10-03 10:57:45.0"
"WF120013","광진구","뚝섬한강안내센터","광진구 강변북로 139 뚝섬안내센터","사무실 3F","","7-1. 커뮤니티 - 행정","서울시(AP)","공공WiFi","임대망","2020","실내","","127.074","37.52959","2021-10-03 10:57:47.0"
"WF120014","광진구","뚝섬한강안내센터","광진구 강변북로 139 뚝섬안내센터","필로티(옥외)","1","3. 공원(하천)","서울시(AP)","공공WiFi","임대망","2019","실외","","127.074","37.52959","2021-10-03 10:57:47.0"
"WF120015","광진구","뚝섬한강안내센터","광진구 강변북로 139 뚝섬안내센터","필로티(옥외)","1","3. 공원(하천)","서울시(AP)","공공WiFi","임대망","2019","실외","","127.074","37.52959","2021-10-03 10:57:47.0"
"WF140012","광진구","광나루시민안전체험관","광진구 능동로 238","1층 안내데스크 앞","","7-3. 커뮤니티 - 지역","서울시(AP)","공공WiFi","임대망","2020","실내","","127.07718","37.551456","2021-10-03 10:57:47.0"
"WF140013","광진구","광나루시민안전체험관","광진구 능동로 238","1층 출입문 왼쪽","","7-3. 커뮤니티 - 지역","서울시(AP)","공공WiFi","임대망","2020","실내","","127.07718","37.551456","2021-10-03 10:57:47.0"
"WF140014","광진구","광나루시민안전체험관","광진구 능동로 238","1층 출입문 오른쪽 전화박스 앞","","7-3. 커뮤니티 - 지역","서울시(AP)","공공WiFi","임대망","2020","실내","","127.07718","37.551456","2021-10-03 10:57:47.0"
"WF140015","광진구","광나루시민안전체험관","광진구 능동로 238","지하1층 라이드영상관 앞","","7-3. 커뮤니티 - 지역","서울시(AP)","공공WiFi","임대망","2020","실내","","127.07718","37.551456","2021-10-03 10:57:47.0"
"WF140016","광진구","광나루시민안전체험관","광진구 능동로 238","지하1층 중앙통제실","","7-3. 커뮤니티 - 지역","서울시(AP)","공공WiFi","임대망","2020","실내","","127.07718","37.551456","2021-10-03 10:57:47.0"
"WF140017","광진구","광나루시민안전체험관","광진구 능동로 238","1층 엘리베이터 앞","","7-3. 커뮤니티 - 지역","서울시(AP)","공공WiFi","임대망","2020","실내","","127.07718","37.551456","2021-10-03 10:57:47.0"
"WF140018","광진구","광나루시민안전체험관","광진구 능동로 238","1층 사물함 앞","","7-3. 커뮤니티 - 지역","서울시(AP)","공공WiFi","임대망","2020","실내","","127.07718","37.551456","2021-10-03 10:57:47.0"
"WF140019","광진구","광나루시민안전체험관","광진구 능동로 238","2층 응급처치실습실 앞","","7-3. 커뮤니티 - 지역","서울시(AP)","공공WiFi","임대망","2020","실내","","127.07718","37.551456","2021-10-03 10:57:47.0"
"WF140020","광진구","광나루시민안전체험관","광진구 능동로 238","2층 연기체험장","","7-3. 커뮤니티 - 지역","서울시(AP)","공공WiFi","임대망","2020","실내","","127.07718","37.551456","2021-10-03 10:57:47.0"
"WF140021","광진구","광나루시민안전체험관","광진구 능동로 238","3층 엘리베이터. 근처 소화전 옆","","7-3. 커뮤니티 - 지역","서울시(AP)","공공WiFi","임대망","2020","실내","","127.07718","37.551456","2021-10-03 10:57:47.0"
"WF140022","광진구","광나루시민안전체험관","광진구 능동로 238","3층 완강기 체험장 앞","","7-3. 커뮤니티 - 지역","서울시(AP)","공공WiFi","임대망","2020","실내","","127.07718","37.551456","2021-10-03 10:57:47.0"
"WF172471","광진구","어린이대공원","광진구능동로216","정문안내센타","","3. 공원(하천)","서울시(AP)","공공WiFi","자가망U무선망(구청IOT)","2017","실외","","127.07647","37.549103","2021-10-03 10:57:48.0"
"WF172472","광진구","어린이대공원","광진구능동로216","열린무대","","3. 공원(하천)","서울시(AP)","공공WiFi","자가망U무선망(구청IOT)","2017","실외","","127.07778","37.548943","2021-10-03 10:57:48.0"
"WF172473","광진구","어린이대공원","광진구능동로216","분수대화장실","","3. 공원(하천)","서울시(AP)","공공WiFi","자가망U무선망(구청IOT)","2017","실외","","127.07786","37.55004","2021-10-03 10:57:48.0"
"WF172474","광진구","어린이대공원","광진구능동로216","새싹마루화장실","","3. 공원(하천)","서울시(AP)","공공WiFi","자가망U무선망(구청IOT)","2017","실외","","127.08109","37.547672","2021-10-03 10:57:48.0"
"WF172475","광진구","어린이대공원","광진구능동로216","동물공연장앞","","3. 공원(하천)","서울시(AP)","공공WiFi","자가망U무선망(구청IOT)","2017","실외","","127.08257","37.547455","2021-10-03 10:57:48.0"
"WF172476","광진구","어린이대공원","광진구능동로216","구의문잔디밭","","3. 공원(하천)","서울시(AP)","공공WiFi","자가망U무선망(구청IOT)","2017","실외","","127.083435","37.54714","2021-10-03 10:57:48.0"
"WF172477","광진구","어린이대공원","광진구능동로216","꿈틀꿈틀놀이터","","3. 공원(하천)","서울시(AP)","공공WiFi","자가망U무선망(구청IOT)","2017","실외","","127.0808","37.54813","2021-10-03 10:57:48.0"
"WF172478","광진구","어린이대공원","광진구능동로216","꿈틀꿈틀놀이터","","3. 공원(하천)","서울시(AP)","공공WiFi","자가망U무선망(구청IOT)","2017","실외","","127.0808","37.54813","2021-10-03 10:57:48.0"
"WF172479","광진구","어린이대공원","광진구능동로216","후문입구","","3. 공원(하천)","서울시(AP)","공공WiFi","자가망U무선망(구청IOT)","2017","실외","","127.08556","37.550903","2021-10-03 10:57:48.0"
"WF172480","광진구","어린이대공원","광진구능동로216","후문입구","","3. 공원(하천)","서울시(AP)","공공WiFi","자가망U무선망(구청IOT)","2017","실외","","127.08556","37.550903","2021-10-03 10:57:48.0"
"WF172481","광진구","어린이대공원","광진구능동로216","모험의나라놀이터","","3. 공원(하천)","서울시(AP)","공공WiFi","자가망U무선망(구청IOT)","2017","실외","","127.080925","37.550407","2021-10-03 10:57:48.0"
"WF172482","광진구","어린이대공원","광진구능동로216","모험의나라놀이터","","3. 공원(하천)","서울시(AP)","공공WiFi","자가망U무선망(구청IOT)","2017","실외","","127.080925","37.550407","2021-10-03 10:57:48.0"
"WF172483","광진구","어린이대공원","광진구능동로216","와팜홀잔디밭","","3. 공원(하천)","서울시(AP)","공공WiFi","자가망U무선망(구청IOT)","2017","실외","","127.0791","37.551456","2021-10-03 10:57:48.0"
"WF172484","광진구","어린이대공원","광진구능동로216","열대동물관앞","","3. 공원(하천)","서울시(AP)","공공WiFi","자가망U무선망(구청IOT)","2017","실외","","127.082466","37.54904","2021-10-03 10:57:48.0"
"WF172485","광진구","어린이대공원","광진구능동로216","열대동물관앞","","3. 공원(하천)","서울시(AP)","공공WiFi","자가망U무선망(구청IOT)","2017","실외","","127.082466","37.54904","2021-10-03 10:57:48.0"
"WF172855","광진구","어린이대공원","능동로 216","꿈마루전산실","","3. 공원(하천)","서울시(공유기)","공공WiFi","자가망U무선망","2017","실내","","127.080894","37.551247","2021-10-03 10:57:48.0"
"WF172856","광진구","어린이대공원","능동로 216 정문경비실","함체정문안내센타화장실뒤외벽","","3. 공원(하천)","서울시(공유기)","공공WiFi","자가망U무선망","2017","실내","","127.076035","37.549686","2021-10-03 10:57:48.0"
"WF172857","광진구","어린이대공원","능동로 216","식물원지하","","3. 공원(하천)","서울시(공유기)","공공WiFi","자가망U무선망","2017","실내","","127.080894","37.551247","2021-10-03 10:57:48.0"
"WF172858","광진구","어린이대공원","능동로 217","숲속무대지하전기실","","3. 공원(하천)","서울시(공유기)","공공WiFi","자가망U무선망","2017","실내","","127.08198","37.546745","2021-10-03 10:57:48.0"
"WF172859","광진구","어린이대공원","능동로 218","영선반전기실","","3. 공원(하천)","서울시(공유기)","공공WiFi","자가망U무선망","2017","실내","","127.07785","37.5499","2021-10-03 10:57:48.0"
"WF172860","광진구","어린이대공원","능동로 219","팔각정지하전기실","","3. 공원(하천)","서울시(공유기)","공공WiFi","자가망U무선망","2017","실내","","127.079765","37.55063","2021-10-03 10:57:48.0"
"WF172861","광진구","어린이대공원","능동로 220","구의문경비실","","3. 공원(하천)","서울시(공유기)","공공WiFi","자가망U무선망","2017","실내","","127.08466","37.54635","2021-10-03 10:57:48.0"
"WF181040","광진구","워커힐실버타운","광진구워커힐로93","구의동 16-3 1층 로비","","6-2. 복지 - 노인","서울시(AP)","공공WiFi","임대망","2018","실내","","127.097496","37.550934","2021-10-03 10:57:48.0"
"WF181041","광진구","워커힐실버타운","광진구워커힐로93","구의동 16-3 1층 식당앞 복도","","6-2. 복지 - 노인","서울시(AP)","공공WiFi","임대망","2018","실내","","127.097496","37.550934","2021-10-03 10:57:48.0"
"WF181042","광진구","워커힐실버타운","광진구워커힐로93","구의동 16-3 2층 담화실","","6-2. 복지 - 노인","서울시(AP)","공공WiFi","임대망","2018","실내","","127.097496","37.550934","2021-10-03 10:57:48.0"
"WF181043","광진구","워커힐실버타운","광진구워커힐로93","구의동 16-3 2층 복도","","6-2. 복지 - 노인","서울시(AP)","공공WiFi","임대망","2018","실내","","127.097496","37.550934","2021-10-03 10:57:48.0"
"WF181044","광진구","워커힐실버타운","광진구워커힐로93","구의동 16-3 3층 담화실","","6-2. 복지 - 노인","서울시(AP)","공공WiFi","임대망","2018","실내","","127.097496","37.550934","2021-10-03 10:57:48.0"
"WF181045","광진구","워커힐실버타운","광진구워커힐로93","구의동 16-3 3층 복도","","6-2. 복지 - 노인","서울시(AP)","공공WiFi","임대망","2018","실내","","127.097496","37.550934","2021-10-03 10:57:48.0"
"WF181049","광진구","므두셀라실버타운","광진구능동로360","중곡동 41-16 지하1층 프로그램실","","6-2. 복지 - 노인","서울시(AP)","공공WiFi","임대망","2018","실내","","127.082054","37.56133","2021-10-03 10:57:48.0"
"WF181050","광진구","므두셀라실버타운","광진구능동로360","중곡동 41-16 1층 거실","","6-2. 복지 - 노인","서울시(AP)","공공WiFi","임대망","2018","실내","","127.082054","37.56133","2021-10-03 10:57:48.0"
"WF181051","광진구","므두셀라실버타운","광진구능동로360","중곡동 41-16 2층 거실","","6-2. 복지 - 노인","서울시(AP)","공공WiFi","임대망","2018","실내","","127.082054","37.56133","2021-10-03 10:57:48.0"
"WF181052","광진구","므두셀라실버타운","광진구능동로360","중곡동 41-16 3층 거실","","6-2. 복지 - 노인","서울시(AP)","공공WiFi","임대망","2018","실내","","127.082054","37.56133","2021-10-03 10:57:48.0"
"WF181053","광진구","광진한울촌노인요양시설","광진구군자로79","군자동 346-24 4층 거실","","6-2. 복지 - 노인","서울시(공유기)","공공WiFi","임대망","2018","실내","","127.0706","37.550156","2021-10-03 10:57:48.0"
"WF181054","광진구","광진한울촌노인요양시설","광진구군자로79","군자동 346-24 5층 거실","","6-2. 복지 - 노인","서울시(공유기)","공공WiFi","임대망","2018","실내","","127.0706","37.550156","2021-10-03 10:57:48.0"
"WF190227","광진구","광장종합사회복지관","광진구 아차산로66길 8","2층중앙복도","","6-4. 복지 - 아동청소년","서울시(AP)","공공WiFi","임대망","2019","실내","","127.09718","37.541016","2021-10-03 10:57:48.0"
"WF190228","광진구","광장종합사회복지관","광진구 아차산로66길 8","3층 북카페앞 복도","","6-4. 복지 - 아동청소년","서울시(AP)","공공WiFi","임대망","2019","실내","","127.09718","37.541016","2021-10-03 10:57:48.0"
"WF190229","광진구","광장종합사회복지관","광진구 아차산로66길 8","4층 체육관","","6-4. 복지 - 아동청소년","서울시(AP)","공공WiFi","임대망","2019","실내","","127.09718","37.541016","2021-10-03 10:57:48.0"
"WF190231","광진구","자양종합사회복지관","광진구 자양번영로35","지하1층 식당중앙","","6-2. 복지 - 노인","서울시(AP)","공공WiFi","임대망","2019","실내","","127.07522","37.53286","2021-10-03 10:57:48.0"
"WF190232","광진구","자양종합사회복지관","광진구 자양번영로35","지하1층 강당 입구","","6-2. 복지 - 노인","서울시(AP)","공공WiFi","임대망","2019","실내","","127.07522","37.53286","2021-10-03 10:57:48.0"
"WF190233","광진구","자양종합사회복지관","광진구 자양번영로35","2층 프로그램 3교실안","","6-2. 복지 - 노인","서울시(AP)","공공WiFi","임대망","2019","실내","","127.07522","37.53286","2021-10-03 10:57:48.0"
"WF190234","광진구","자양종합사회복지관","광진구 자양번영로35","3층 중앙복도","","6-2. 복지 - 노인","서울시(AP)","공공WiFi","임대망","2019","실내","","127.07522","37.53286","2021-10-03 10:57:48.0"
"WF190235","광진구","자양종합사회복지관","광진구 자양번영로35","4층 중앙복도","","6-2. 복지 - 노인","서울시(AP)","공공WiFi","임대망","2019","실내","","127.07522","37.53286","2021-10-03 10:57:48.0"
"WF190236","광진구","자양종합사회복지관","광진구 자양번영로35","4층 프로그램5 교실안","","6-2. 복지 - 노인","서울시(AP)","공공WiFi","임대망","2019","실내","","127.07522","37.53286","2021-10-03 10:57:48.0"
"WF190237","광진구","자양종합사회복지관","광진구 자양번영로35","5층 집회실 내","","6-2. 복지 - 노인","서울시(AP)","공공WiFi","임대망","2019","실내","","127.07522","37.53286","2021-10-03 10:57:48.0"
"WF190239","광진구","광진노인보호센터","광진구 뚝섬로58길 13","1층 사무실내","","6-2. 복지 - 노인","서울시(AP)","공공WiFi","임대망","2019","실내","","127.0846","37.531273","2021-10-03 10:57:48.0"
"WF190240","광진구","광진노인보호센터","광진구 뚝섬로58길 13","2층 복도중앙","","6-2. 복지 - 노인","서울시(AP)","공공WiFi","임대망","2019","실내","","127.0846","37.531273","2021-10-03 10:57:48.0"
"WF190241","광진구","광진구치매안심센터","광진구 긴고랑로 110","3층 복도중앙","","6-2. 복지 - 노인","서울시(AP)","공공WiFi","임대망","2019","실내","","127.08711","37.55936","2021-10-03 10:57:48.0"
"WF190242","광진구","광진시니어클럽","광진구 자양번영로 7길 16-9 (자양동)","2층복도중앙","","6-2. 복지 - 노인","서울시(AP)","공공WiFi","임대망","2019","실내","","127.07543","37.53621","2021-10-03 10:57:48.0"
"WF190243","광진구","광진시니어클럽","광진구 자양번영로 7길 16-9 (자양동)","3층복도중앙","","6-2. 복지 - 노인","서울시(AP)","공공WiFi","임대망","2019","실내","","127.07543","37.53621","2021-10-03 10:57:48.0"
"WF190244","광진구","광진시니어클럽","광진구 자양번영로 7길 16-9 (자양동)","지하활동실중앙","","6-2. 복지 - 노인","서울시(AP)","공공WiFi","임대망","2019","실내","","127.07543","37.53621","2021-10-03 10:57:48.0"
"WF190245","광진구","광진시니어클럽","광진구 자양번영로 7길 16-9 (자양동)","지하1층 프로그램실","","6-2. 복지 - 노인","서울시(AP)","공공WiFi","임대망","2019","실내","","127.07543","37.53621","2021-10-03 10:57:48.0"
"WF190247","광진구","아름다운학교","광진구 자양로 278 대운빌딩 4.5층","4층 사무실 중앙","","6-4. 복지 - 아동청소년","서울시(AP)","공공WiFi","임대망","2019","실내","","127.08904","37.54513","2021-10-03 10:57:48.0"
"WF190248","광진구","아름다운학교","광진구 자양로 278 대운빌딩 4.5층","5층 거실(복도)중앙","","6-4. 복지 - 아동청소년","서울시(AP)","공공WiFi","임대망","2019","실내","","127.08904","37.54513","2021-10-03 10:57:48.0"
"WF190249","광진구","광진한울촌노인요양시설","광진구 군자로 79","2층복도중앙","","6-2. 복지 - 노인","서울시(AP)","공공WiFi","임대망","2019","실내","","127.07064","37.55014","2021-10-03 10:57:48.0"
"WF190250","광진구","광진한울촌노인요양시설","광진구 군자로 79","3층복도중앙","","6-2. 복지 - 노인","서울시(AP)","공공WiFi","임대망","2019","실내","","127.07064","37.55014","2021-10-03 10:57:48.0"
"WF190251","광진구","광진한울촌노인요양시설","광진구 군자로 79","지하활동실중앙","","6-2. 복지 - 노인","서울시(AP)","공공WiFi","임대망","2019","실내","","127.07064","37.55014","2021-10-03 10:57:48.0"
"WF190255","광진구","평강마을데이케어센터","광진구 자양번영로4길 13","3층 생활실 복도중앙","","6-2. 복지 - 노인","서울시(AP)","공공WiFi","임대망","2019","실내","","127.07607","37.531574","2021-10-03 10:57:48.0"
"WF190256","광진구","사랑재요양원","광진구 자양로 188","2층 사무실 중앙로비","","6-2. 복지 - 노인","서울시(AP)","공공WiFi","임대망","2019","실내","","127.08522","37.544262","2021-10-03 10:57:48.0"
"WF190257","광진구","사랑재요양원","광진구 자양로 188","3층 사무실 중앙로비","","6-2. 복지 - 노인","서울시(AP)","공공WiFi","임대망","2019","실내","","127.08522","37.544262","2021-10-03 10:57:48.0"
"WF190258","광진구","사랑재요양원","광진구 자양로 188","4층 사무실 중앙로비","","6-2. 복지 - 노인","서울시(AP)","공공WiFi","임대망","2019","실내","","127.08522","37.544262","2021-10-03 10:57:48.0"
"WF190259","광진구","사랑재요양원","광진구 자양로 188","1층 사무실 중앙로비","","6-2. 복지 - 노인","서울시(AP)","공공WiFi","임대망","2019","실내","","127.08522","37.544262","2021-10-03 10:57:48.0"
"WF190260","광진구","사랑재요양원","광진구 자양로 188","5층 사무실 중앙로비","","6-2. 복지 - 노인","서울시(AP)","공공WiFi","임대망","2019","실내","","127.08522","37.544262","2021-10-03 10:57:48.0"
"WF190261","광진구","중곡1동자원봉사센터","광진구 긴고랑로12길 49","지하1층봉사센터내부천정","","6-4. 복지 - 아동청소년","서울시(AP)","공공WiFi","자가망U무선망","2019","실내","","127.080055","37.560513","2021-10-03 10:57:48.0"
"WF190262","광진구","늘푸른돌봄센터","광진구 긴고랑로 41 3층","3층 사무실 복도중앙","","6-2. 복지 - 노인","서울시(AP)","공공WiFi","임대망","2019","실내","","127.0809","37.562977","2021-10-03 10:57:48.0"
"WF190263","광진구","열린재가노인지원서비스센터","광진구 천호대로 591 2층(중곡동)","사무실내 복도중앙","","6-2. 복지 - 노인","서울시(AP)","공공WiFi","임대망","2019","실내","","127.08372","37.555832","2021-10-03 10:57:48.0"
"WF190264","광진구","워커힐케어센터","광진구 아차산로 634","7층 안내데스크 위천정","","6-2. 복지 - 노인","서울시(AP)","공공WiFi","임대망","2019","실내","","127.108284","37.548954","2021-10-03 10:57:48.0"
"WF201210","광진구","푸른꿈지역아동센터1318해피존새움터지역아동센터","자양로 71-7 희년의집 23층","푸른꿈(홀)","","6-4. 복지 - 아동청소년","서울시(AP)","공공WiFi","임대망","2020","실내","","127.08388","37.534073","2021-10-03 10:57:49.0"
"WF201211","광진구","푸른꿈지역아동센터1318해피존새움터지역아동센터","자양로 71-7 희년의집 23층","-","-","6-4. 복지 - 아동청소년","서울시(공유기)","공공WiFi","임대망","2020","실내","","127.08388","37.534073","2021-10-03 10:57:49.0"
"WF201212","광진구","경희지역아동센터","긴고랑로7길 54 1층","집단치료실2","","6-4. 복지 - 아동청소년","서울시(AP)","공공WiFi","임대망","2020","실내","","127.08042","37.56564","2021-10-03 10:57:49.0"
"WF201213","광진구","경희지역아동센터","긴고랑로7길 54 1층","-","-","6-4. 복지 - 아동청소년","서울시(공유기)","공공WiFi","임대망","2020","실내","","127.08042","37.56564","2021-10-03 10:57:49.0"
"WF201214","광진구","새빛지역아동센터","아차산로 330. 1층","집단지도실","","6-4. 복지 - 아동청소년","서울시(AP)","공공WiFi","임대망","2020","실내","","127.079414","37.537224","2021-10-03 10:57:49.0"
"WF201215","광진구","새빛지역아동센터","아차산로 330. 1층","-","-","6-4. 복지 - 아동청소년","서울시(공유기)","공공WiFi","임대망","2020","실내","","127.079414","37.537224","2021-10-03 10:57:49.0"
"WF201216","광진구","진성지역아동센터","용마산로26길 10 2층","집단지도실","","6-4. 복지 - 아동청소년","서울시(AP)","공공WiFi","임대망","2020","실내","","127.08697","37.567104","2021-10-03 10:57:49.0"
"WF201217","광진구","진성지역아동센터","용마산로26길 10 2층","-","-","6-4. 복지 - 아동청소년","서울시(공유기)","공공WiFi","임대망","2020","실내","","127.08697","37.567104","2021-10-03 10:57:49.0"
"WF201218","광진구","행복한지역아동센터","광나루로 37길 43 1층","복도중앙","","6-4. 복지 - 아동청소년","서울시(AP)","공공WiFi","임대망","2020","실내","","127.08878","37.54659","2021-10-03 10:57:49.0"
"WF201219","광진구","행복한지역아동센터","광나루로 37길 43 1층","-","-","6-4. 복지 - 아동청소년","서울시(공유기)","공공WiFi","임대망","2020","실내","","127.08878","37.54659","2021-10-03 10:57:49.0"
"WF201220","광진구","광진구건강가정&middot;다문화가족지원센터","능동로30길 23 2층","사무실","","6-5. 복지 - 여성다문화","서울시(AP)","공공WiFi","임대망","2020","실내","","127.07917","37.553547","2021-10-03 10:57:49.0"
"WF201221","광진구","광진구건강가정&middot;다문화가족지원센터","능동로30길 23 2층","-","-","6-5. 복지 - 여성다문화","서울시(공유기)","공공WiFi","임대망","2020","실내","","127.07917","37.553547","2021-10-03 10:57:49.0"
"WF201222","광진구","서울광진구육아종합지원센터","동일로 56가길 31 3층","안내데스크","","6-4. 복지 - 아동청소년","서울시(AP)","공공WiFi","임대망","2020","실내","","127.07268","37.554512","2021-10-03 10:57:49.0"
"WF201223","광진구","서울광진구육아종합지원센터","동일로 56가길 31 3층","-","-","6-4. 복지 - 아동청소년","서울시(공유기)","공공WiFi","임대망","2020","실내","","127.07268","37.554512","2021-10-03 10:57:49.0"
"WF201224","광진구","더행복데이케어센터","자양로88. 5층(자양동광영빌딩)","복도","","6-1. 복지 - 사회","서울시(AP)","공공WiFi","임대망","2020","실내","","127.08431","37.53558","2021-10-03 10:57:49.0"
"WF201225","광진구","더행복데이케어센터","자양로88. 5층(자양동광영빌딩)","-","-","6-2. 복지 - 노인","서울시(공유기)","공공WiFi","임대망","2020","실내","","127.08431","37.53558","2021-10-03 10:57:49.0"
"WF201226","광진구","워커힐케어센터12","아차산로 634번지 56층","팬지 앞 복도","","6-2. 복지 - 노인","서울시(AP)","공공WiFi","임대망","2020","실내","","127.10829","37.548935","2021-10-03 10:57:49.0"
"WF201227","광진구","워커힐케어센터12","아차산로 634번지 56층","동백나무 앞 복도","","6-2. 복지 - 노인","서울시(AP)","공공WiFi","임대망","2020","실내","","127.10829","37.548935","2021-10-03 10:57:49.0"
"WF201228","광진구","워커힐케어센터12","아차산로 634번지 56층","-","-","6-2. 복지 - 노인","서울시(공유기)","공공WiFi","임대망","2020","실내","","127.10829","37.548935","2021-10-03 10:57:49.0"
"WF201229","광진구","워커힐케어센터12","아차산로 634번지 56층","-","-","6-2. 복지 - 노인","서울시(공유기)","공공WiFi","임대망","2020","실내","","127.10829","37.548935","2021-10-03 10:57:49.0"
"WF201230","광진구","광진한울촌노인요양시설","군자로 79(군자동)","프로그램실","","6-2. 복지 - 노인","서울시(AP)","공공WiFi","임대망","2020","실내","","127.070595","37.550125","2021-10-03 10:57:49.0"
"WF201231","광진구","광진구보훈회관","아차산로 630 345층지하층","복도","","7-3. 커뮤니티 - 지역","서울시(AP)","공공WiFi","임대망","2020","실내","","127.10798","37.548786","2021-10-03 10:57:49.0"
"WF201232","광진구","광진구보훈회관","아차산로 630 345층지하층","복도","","7-3. 커뮤니티 - 지역","서울시(AP)","공공WiFi","임대망","2020","실내","","127.10798","37.548786","2021-10-03 10:57:49.0"
"WF201233","광진구","광진구보훈회관","아차산로 630 345층지하층","복도","","7-3. 커뮤니티 - 지역","서울시(AP)","공공WiFi","임대망","2020","실내","","127.10798","37.548786","2021-10-03 10:57:49.0"